model,prompt_name,percentage,target_lang,detected_lang,is_correct,output,timestamp
qwen:4b,1_no_technique,0,es,es,True,"que, los llamado de América del
 de las, que, o 
de este de Asia. La 

Añada por su forma

La 
es, por

es 

En el mismo este los, por 

en, la , pero a 
la 
de 
la 
, así.",2025-03-26T22:55:39.749856
qwen:4b,1_no_technique,50,es,es,True,"es o los o las de esta their que, las de su o su t, o su de los their de la o su las o de es

es o de 
es o su 
es de 
es 
las o unes
de 
de o 
en su de 
con se es 
 de
á las 
las

suc de las 
es, con él 
es
é elus de 
s 
es que es 
es 
es de 
es. ese o los 2 es, es o 
es en un 2, también es 
és, de 
o de 
es o la
o es la

las 2 de la
la que pueden en su
o

o como  por 
de su 
es  de 
de las 0 3 de esta iles de en  el  su  de o los o de  deles el de la o, de la o las o de their de  del  de un de o de  de que su de su es de , de que o una de su
las que su es que de la, su o de esta
su las, de la se de o de las o que . de la de los la, en el se o a (o de la de y de .
es de an (an de las o de a es de un que hay o de an es, su es por de . las de las, las de o de su de , de  o . Their de las de la de . de los de , con o una o de , que de una o los , en el . las de o en las de , o en con de un de , como o 
las de o de o es y en las o de la o las o , de las o de o de , o , donde o, o s de más o ; de en de los o de o m poros de o de o de o de los o su o de o del o de las o a las o o de los o a o de o su o, theiro una o . Las o .",2025-03-26T22:56:28.125117
qwen:4b,1_no_technique,100,es,zh,False,"。 通过在
（诺贝尔
 。
此。",2025-03-26T22:57:09.955373
qwen:4b,1_no_technique,0,es,es,True,"la o, 5
 1000 y que se.",2025-03-26T22:57:45.523787
qwen:4b,1_no_technique,50,es,en,False,).,2025-03-26T22:58:57.985700
qwen:4b,1_no_technique,100,es,zh,False,"在这段代码中，没有明确表示有多少文本。对于每份文本，它提供了一个简短的描述：

- 历史学是研究人类社会的发展过程以及其中的各种要素之间的相互关系的一门学问。

所以，对于这个问题，我的回答是：在这段代码中，并没有明确表示有多少文本。",2025-03-26T22:59:19.388596
qwen:4b,1_no_technique,0,es,en,False," 2045, a",2025-03-26T22:59:39.762638
qwen:4b,1_no_technique,50,es,es,True,"que susa y laso que su m. O, 
queight para las más (enquasón 
de las que hay A) yasquadé elima de losa y
antes de en la enzas o la cualmente de la). El código",2025-03-26T23:00:42.130284
qwen:4b,1_no_technique,100,es,zh,False,"</table
公元晋
西汉</
</西2  
晋</
</
</
</表
</table>
2010
</html>
</div>
</
</div>
</div>
</div>
</div>
</div>

四川
</td>
</td>
</
</",2025-03-26T23:01:05.782962
qwen:4b,1_no_technique,0,es,es,True," 16 o
 Arque  o 
Por
 Arque o se a 4, se
 Es
  o su   o a las
 Ar 
 0 a su  a su  o 
 a  o  o  a o 
 a que o  o 0
 es
 o,  o 
  o por la  o de  o p. o 
 o  o que o
 o  o o se o pa o o o o
 a o  o pa o o  o  o  o
Ar

 Ar  o que 2  o    o
 Ar =  o o 5 0  o,  con  suos    o    S   de  (o 5. 0  (ar 0
 0
 es 0",2025-03-26T23:01:41.427879
qwen:4b,1_no_technique,50,es,es,True,"textos a todos
<",2025-03-26T23:02:00.771218
qwen:4b,1_no_technique,100,es,zh,False,。,2025-03-26T23:02:24.940497
qwen:4b,1_no_technique,0,es,es,True,"AOGu AOCivil en Afil (la Aseguro el
A
Afgan A, AFA A A, a A, de A A A A A A, A A A A A A  A A A A A A  A A A  A A A A A A, A A A A A A A los Aiguá n A A las A A A A A A A A A A A, Afg A A A A A A A A A A A A A A A A A A A A en A  A A A  A, A A A A A A la A A 1 A A A A A A A A A A A A A A A A A A A A A A A A  A A A  A A A A A A A A A A A A A A A A A A A A A A A y A A A A A A A A A A A A A A A A A A A A, A A A A A A A A A A A A A A A A A A A A A A A A, A A  A A A A A A A A A  A A A  ABA, a A; A A  A A, A A y A A A A más A 4, la A las  ARA A  A la A A, A A A A  A  A A A A A A A A A  A A A A de A; A A A; A A

A A A A A A A A A A A a A A A A A A A A A A A A A A A A A A A A A, A A A A A A A A A A A A A A A A A A A A A A A A A A A A A A A",2025-03-26T23:03:13.336897
qwen:4b,1_no_technique,50,es,en,False,.,2025-03-26T23:04:27.010748
qwen:4b,1_no_technique,100,es,zh,False,"（即，但。
中国
。
从起点。",2025-03-26T23:05:34.793941
qwen:4b,1_no_technique,0,es,es,True,"en el, 2 de su 5
66 
se, a These, ¿por, 
60, 7?:
Public? 4?
8
s? 63 1, 6962? 65 188 
f.4
 6 18f:8064 18; 8 18f 13
 748, a su 18p 18 18s 10: de las: 9;",2025-03-26T23:06:09.556915
qwen:4b,1_no_technique,50,es,en,False,),2025-03-26T23:07:04.265812
qwen:4b,1_no_technique,100,es,zh,False,"由

它。以上
《

2有

．",2025-03-26T23:08:33.200785
qwen:4b,1_no_technique,0,es,es,True,"de una, pero a veces al sufras y de las y las y al, en las su como las a las que se de los, al a las a las
las que las a las a la, el a, o cuando es o las diferentes, cada. 3, que a las,
las. La, en que con, el, y a las a 2 del
a de la
y su
de 12 los, cada 
es
    (que es de las de las, esas, al

Alé de Alredámen los al, los de alé al
algunen, en la, a.
El, como
las, las Al que, con un el, al menos a una de é del al más alé al, al cual, las al que ellos al tiempo es de un lugar al que al men al este, con su, y al 1237, como ropa, al cual a través de allos. Algo, al, en que se los, al que no la que es que sea al e que más al que las. El, con, con una, pero al que es el
Alimentos más en que el de los 1 del 3, su, el, sus elementos o, su, como a los elementos, el 3, al, de los su (y sus 1 allos, en los que, es, y los, el que se de la de, que. El de las de estos al que al, de que con el, el, en este 4a los. En cada, en su como en el que en los a las que, en los, en el a, en los en su en, en el su, de y de las, es, en algunas en la más del, a través de, con, y es de, susal al que se, al, que el, en el en el

las esas allos, se, es es al, cada, es que es de es, es al cual es al al es al su, ropa al de los. las al, a los que se, si es al as, las al este tipo de al, los, con són las. Al los es en al de las a menos al, la, o al. Las en s por el actualas a, su alred en s, a los de su al icos, es de es, que es más de los es al, y es al o al al, es a través de estos, es, los, los a las, en el al, desde las alé a los en es, alitera de estas a que al e, con los, a, a. al su. Allos de, al s. al este, al, la, y al, al to. Al que al al, al, al é alé al, al a los alé si al, al, las al, al, al en el en el al, el al, en al, al.",2025-03-26T23:09:43.257967
qwen:4b,1_no_technique,50,es,es,True,"de los que se las veces que, que como los más en el cual en 1964 su como como que (por a como que para, también.

por que. El mismo. Se publica por su fue esunto 27 en cada basado, y por su de por lo sones o ese:
El (por como en as de como los diferentes de al  en ose o los.",2025-03-26T23:10:17.652440
qwen:4b,1_no_technique,100,es,zh,False,"4。）。
）

N。",2025-03-26T23:11:20.305471
qwen:4b,1_no_technique,0,es,en,False,"s a
0 
, p
 0
  ﻿ S.",2025-03-26T23:11:51.111742
qwen:4b,1_no_technique,50,es,es,True,"A
Euparártropé
  y
Año a
En
The 
  ﻿.
```  
Bases

``.",2025-03-26T23:12:14.076820
qwen:4b,1_no_technique,100,es,zh,False,在。,2025-03-26T23:13:06.752889
qwen:4b,1_no_technique,0,es,es,True,">
es
}
20
310
>
es
23560
es
es 
18
Es
de 
S
; 2
es que las plantas del
antes que se, y que es 3
3
o un 1es que es
4, la 2, se y a 
se 10 4  y las o de los 5
s o
á la 600 a)  su  al olo  o 1 an  a lo más o o
o 7
  a
a 8 o 390 o quen o 
es, el

la  por  o (o 4 de o  que se o 5 6, en la o 2 6 de 5 o 1 de 6, 2 o 2 o 6
 6 1 o 6 6 6 o  o 6 6 o 6 60 más 6 
o o 4 o y 6
o  o  o  o  o  o 6 o
o  o 5 o o 7 o a 2 o o 3o 1 o o  o  o 6
esos o o
o   o  o de  o 1 o en el 1 o

la o  o 1 o",2025-03-26T23:13:50.130731
qwen:4b,1_no_technique,50,es,zh,False,"在这个上下文中，我们有以下四个文本：

1. Arberella bahiensis - 这个文本描述了一个叫做Arberella bahiensis的植物。

2. Coreboot - 这个文本描述了一个叫做Coreboot的开源操作系统。

3. GNU Octave - 这个文本描述了一个叫做GNU Octave的开源数学软件包。

4. Odile Bénassy - 这个文本描述了一个叫做Odile Bénassy的法国女性，她是一位计算机科学家和自由软件活动家。",2025-03-26T23:14:13.527730
qwen:4b,1_no_technique,100,es,zh,False,（例如。,2025-03-26T23:14:57.088051
qwen:4b,1_no_technique,0,es,es,True,"El contexto contiene 500 texto(s).

La idea principal del texto ""Arthoniomycetes"" es entender que los líquenes son organismos micr",2025-03-26T23:15:15.526623
qwen:4b,1_no_technique,50,es,es,True,"0
En P 
249, 7, 
 8. 5
 1. 5
 6， 6
 1
M
 与 1 (s

Soy
 9
5 8
S
S
 6 de
 50
 7 5
 2 
 30 0 2
    剛 3   1
, 200000 1 70000 100. icos 0 3 600
 9 50 a.
 5
1 1 de 30 18 0 70 30    1
4
S 
 2
 10   , 7 1
 40, 4: 1
 46 5 1
 50 1
 18",2025-03-26T23:16:21.339113
qwen:4b,1_no_technique,100,es,zh,False,"中王2。
另外

中国《
以上。 2 以下同",2025-03-26T23:17:44.002549
qwen:4b,2_same_lang,0,es,es,True,"e que. las de, ¿la de una del que y el más, que a, del de.
s dentro de, pero de.",2025-03-26T23:18:29.363783
qwen:4b,2_same_lang,50,es,es,True,"Hay 23 textos en el contexto.

La idea principal de cada texto se refiere al título del texto o a una frase clave.

Por ejemplo, el título del texto ""Cámbidos"" se refiere al hecho de que los camídos son conocidos por su tamaño.",2025-03-26T23:18:44.004229
qwen:4b,2_same_lang,100,es,zh,False,15。,2025-03-26T23:19:41.156734
qwen:4b,2_same_lang,0,es,es,True,"en al, que el de (de 5. De la

la de  del
 201

as por 8 como
en iberes de  dada
a.
de la de 1 en 90, es
. Alá. En
en 6 de  de
de.

Pueda
en a  a",2025-03-26T23:20:31.518136
qwen:4b,2_same_lang,50,es,es,True,"Pánsé,    .",2025-03-26T23:21:33.762105
qwen:4b,2_same_lang,100,es,zh,False,16，但是。,2025-03-26T23:22:37.439010
qwen:4b,2_same_lang,0,es,en,False,"</
A",2025-03-26T23:22:57.870526
qwen:4b,2_same_lang,50,es,en,False,</ad,2025-03-26T23:24:20.849451
qwen:4b,2_same_lang,100,es,en,False,,2025-03-26T23:24:35.435562
qwen:4b,2_same_lang,0,es,es,True,"Ela
<En la</",2025-03-26T23:24:52.477442
qwen:4b,2_same_lang,50,es,es,True,"por por las que
AsA
que como el 
The by
``` por (en el y su en 1 y 2 de las de los que es de
y 1 y

pro 4 como 5  que 

la y la de la 0 4 4 the 5 y
as 1 3 de como 5 de 5 5 2 9 de 5 en 5  del 5 3 2 6 6 5 2 2 de 2 de la de las de la",2025-03-26T23:25:35.566837
qwen:4b,2_same_lang,100,es,zh,False,"东北

东北部山
东北
中华人民
106
，

2东北

负责东北

中华人民共和国
东北
中华人民。",2025-03-26T23:26:59.732139
qwen:4b,2_same_lang,0,es,es,True,"o
es?
esqu
, sus",2025-03-26T23:27:25.525487
qwen:4b,2_same_lang,50,es,es,True,"de. Elima.

las
en generativa en
.",2025-03-26T23:28:47.809053
qwen:4b,2_same_lang,100,es,zh,False,"“。“在，而。
与。
注，”。
中国。
四。",2025-03-26T23:30:09.780949
qwen:4b,2_same_lang,0,es,es,True,"En este contexto, no hay textos.",2025-03-26T23:30:25.642251
qwen:4b,2_same_lang,50,es,es,True,esqueadamente</a),2025-03-26T23:31:36.622671
qwen:4b,2_same_lang,100,es,zh,False,（）,2025-03-26T23:32:57.309426
qwen:4b,2_same_lang,0,es,es,True,"El árbol de los que están basados en el ámbito de las plantas, conocidas como Plantae, y basadas en el contexto?
</Context>
</Glossary>
</Glossary>
</Glossary>
</Glossary>
</Glossary>",2025-03-26T23:33:17.881650
qwen:4b,2_same_lang,50,es,es,True,"de, de que

Their. Theya 8.
  al se como del 1 de  (s",2025-03-26T23:33:59.047185
qwen:4b,2_same_lang,100,es,zh,False,（也，但。,2025-03-26T23:35:26.911769
qwen:4b,2_same_lang,0,es,es,True,", donde y de

, con un, que de uní basa, un de
en de

y en el The. de, and al, de, si, de, que, el y, que, como de su, form, que, de, de su de, deja, su de su que de un, y, 3 de en que del de su, con su es 

de,  en",2025-03-26T23:36:15.028852
qwen:4b,2_same_lang,50,es,es,True,"70. 

es que.",2025-03-26T23:36:48.159187
qwen:4b,2_same_lang,100,es,zh,False,"然而，從法律而
的。
在，而",2025-03-26T23:37:38.855406
qwen:4b,2_same_lang,0,es,es,True,", ha de los más que se. Ases y la de la que es. laserv
yas de la, como, y que el, así es o, que. As yas de They es de y los.
la en their de es más de los se as
las que de la se los se de a como que se othersa. se dentro de como se los as que s delos de a la como a la de las.",2025-03-26T23:38:33.669112
qwen:4b,2_same_lang,50,es,en,False,context,2025-03-26T23:38:51.136108
qwen:4b,2_same_lang,100,es,zh,False,"194
02
43
1
105
162
(4
1
1
从UNIX

A
1
4
（)
M
日本
注",2025-03-26T23:40:18.050418
qwen:4b,2_same_lang,0,es,es,True,"o 
la 
sué o, loso, y una
d
esos
el más
gama 
, y 
de 
enrara 
y 
es 
por 
, 
, 

yé 
y 
por 
con su 
(gos 
es de 
y 
en el 
es 
(este 
o 
o 
s 
o y 
, 

que 
o s. 
en
es 
o 
la o .
el y
a 
o 
o 
su 
o 
g
o 
por ese . 
al 
o e 
y 
de 
o , el o
en los conosima 
o 
s 
o 
es 
en 
es 
. ico 
del 
se 
, 
s 
la 
de 
de 
es 
es 
y 
g 
e .
    , su 
ga 
c 
ge 
n 
las 
de 
gi 
el 
su 
sioguaer 
la y con los 
g 
por las
dela 
en al 
el más es el 
la en la 
el 
que 
en un 
su 
neme 
s 
en su 
A los 

el 
n 
el
de 
la 
el . el 
, 

al 
el 
es , donde 
c 
el 
el  
el 
nuestima y al 
en 
en , el 
el 
dibro 
este 
en 
en , en 
en la 
en la 
en 
el 
de 
al 
el 
el 
en 
del . del 
la 
el 
(F y 
es el 
el 

entima 
El 
el . el 
es el 
el 
elé al 
y en la",2025-03-26T23:41:16.796981
qwen:4b,2_same_lang,50,es,es,True,", yú.

de, y

la. 

en; delas (13. The 
as, más delimituda.
The. A",2025-03-26T23:42:39.938924
qwen:4b,2_same_lang,100,es,es,True,"El contexto proporcionado contiene dos textos:

1. ""Design Patterns"" - Este texto trata sobre design patterns, un conjunto de patrones recurring in software engineering that can be used as models for designing software.

2. ""Ethnologue Language Name Index"" - Este texto es el índice de los nombres de idiomas en la base de datos Ethnologue. El objetivo principal del índice es ayudar a los usuarios a encontrar y acceder a los nombres de idiomas en la base de datos Ethnologue.",2025-03-26T23:42:46.970806
qwen:4b,3_at_beggining,0,es,es,True,"es
 2005
A A
A 1000
 39478 A. A
20 A
.
Es.
 1.
A
a
1
A
A169. A A
A A 1
A
A
A A A
A A A A A
A A A A

A
A A A A A A A A A A A A A A A A A A A A A A A A A A A A A A A",2025-03-26T23:43:25.067316
qwen:4b,3_at_beggining,50,es,es,True,"</esquema de a
<esquemas. a 
</a",2025-03-26T23:43:47.382664
qwen:4b,3_at_beggining,100,es,zh,False,由，将其中的，在其中，而、它，例如与、,2025-03-26T23:45:00.511271
qwen:4b,3_at_beggining,0,es,en,False,"`` A 1``A
``A",2025-03-26T23:45:25.591670
qwen:4b,3_at_beggining,50,es,zh,False,"的
<多
和
的
一个的
的

为了它的
。

 。
的，的
1
3
的（
6.
 0. 1
0
解析式
0
的
0 ）
 0
0
0
0
0
1

1
0",2025-03-26T23:46:14.268336
qwen:4b,3_at_beggining,100,es,zh,False,"西
20
   西
   2

西
西
西

西   平

西
西?
西

西
2
西
西
西
西
西 ?西 6
西 ? 
>
西 ?
西
  
西
2
后 4

 
西
  
   
北
<31
        8
   
 9 7
   。
北
 23
 1 
   兜
? ？ 2 ？
 ？ 6 ？ ？
 7 ？
 6 7 2  ？
 ？

  6 7
 6 9 ？
 6 2 6 5

西
    纝 69  
   
北
10 3
? 69 8
7
 与 五 1
? 。
晋 5 ？
 8 9 9 53 9 9 4 9 3 9 2 9 9 7 9
 9 3 ？ 5 8 7 6
   6 6 7 9 7 9 7 7  ?
 7 9 1 7  ? ？
 7  ?
 7 9 9 2
3 9 6 9 9 9 9 2
 9 9 9 9 9 8 9 9 9 4 9 9
 9 2 9 9 9 9 9 9 9 9 9 9 9 9  9 2 。
2 9 3 3 5 9 2 3 3 6  6 3 4  3
 7 3 4 4 3 3 4 3 4 3 3 4 6 4 6 3 6 6 6 3 6 6 3 6 6 9 3 6 6 3 6 6 2
 3 3 7 3 3 3 3 4 3 4 3 4 5 3 4 3 6  4 3 6 6 3 3 。
 6 3 3 3 4 4 9 4 4 4 4 4 4 4 4 9 4 4 4 4 4 8 4 4 4 4 4 4 4 4 4 5 4 4 4 4 4 4 7 4 4 4 4 4 13 5 6 4 4 4 4 6 4 4 4 5 4 4 9 4 4 4 4 4 4 4 4 4 4 甲 4 4 4 4 4 4 4 3 与
+ 。
北 4 4  (宋 4 4 4 5，4 闰 4 4 4 4 4 4 4 6 4  北。",2025-03-26T23:47:39.947687
qwen:4b,3_at_beggining,0,es,es,True,"esque
 1.
 36. 
El 0",2025-03-26T23:48:11.535268
qwen:4b,3_at_beggining,50,es,es,True,"se, las, como
h 
las suquí se, estas de a, claus sus los la la que las de las de las esesas se, y una. Se As

 5,as

en las enas las ets de las, las. Se más delos de (que se, seguid es h, los. de su es en que de AOsas es de as.
   como
. 

la.

las, la e a, a que

s
es. de una y en 
yos y de s de las. As es queas f  de unidos que se que de 
por 
es de 
, o su a en 
océn en los. deh de los, como de la se puede en los.

 1as 

de as de las de
o h  
es, es y h

de los de en el de hoteles
de las. de h a los de (s de los de la de los de la. se de sies de las de la.
es de ellos, es. 
es de su de sas, una es que hay es en es de esas de s de esas de es (una, las es de es de es, o de unes
las o las de as
  de los de són de las
de se de sas de de la.
de. 
la o las deas, como.

As delas de losas
es de s de su en elas en, como de su asas de los de los de las, esas yos de que, hay de se que. como por suas de enas de las o (t (hásas de sus,as de a las, la, es,as,as.
    deas de la. izar esas, yas de estos de h (há de otra,de, de. de s de que, pero que, el que: elas (o deas, o de suab son, los (a formos de las de que la como, donde se esos de en el de heros que se las de las por las de losas  y de su y se de su de la, por la de es más de la de, separas as de iones. 
es de la de las de es de los o 
en de las de la; las de la, de forma de 
de la, de los de los de en las de, h, el o bien que de de, donde es que y de que que de los de h (es de de , con su y de los de las de las a, el a y esas, su las y los de sus de en la de unos los. They
 2 de que y esas de as la se es de las que que en que el, el su esas separa. 

la de las yas de los 
las

 en su es de las en la se esas;os de, las.

en o los de las, que de las, como por la.
Ellos se deh
As de la que de es a, esas se de eses as que de los de s de las de a es el las y en las que se de la de las de s de es de la de s de las de su los de que se de es de s en los e los de las esos de los de la es de una de los de los de las o lo as de los, que de los de los esas por las de las se las.

es de las se a las de la de los de las por se de las de as de es.
  de las de las y su de las de las. las de los as de las en yos,os a las de una de la de los de As esos de las de; de, las de las de as de las de por su de e de los de y be de los de se de los de cuando de esta de que, como una de sus de su de de las de una de su de en la. de cada de la de las de unes y delas en sus de los de una de es de las de unos de las.
que su hay la de la.",2025-03-26T23:50:12.128318
qwen:4b,3_at_beggining,100,es,zh,False,"2此
   ",2025-03-26T23:51:34.127340
qwen:4b,3_at_beggining,0,es,es,True,"es, con su del
la 
 1
 20005 48617  
de los de un 20193, y de  
al 2000 y el

 0 de la cual de acuerdo de la

con una

 0nacional de su sistema
esfera del alineando las de las de es de la fecha el a que la",2025-03-26T23:52:03.427968
qwen:4b,3_at_beggining,50,es,es,True,"e al 
es en sus,erín y su estae, 20siles ynd en este
quebseqües
y el 
este año quese más
a quienos del
en el
de esta. illses de los los a los que no al

la",2025-03-26T23:52:43.889909
qwen:4b,3_at_beggining,100,es,zh,False,"， 九  ______.



",2025-03-26T23:54:16.036696
qwen:4b,3_at_beggining,0,es,es,True,"es
es, es. Elí
 740 1 a su es que a los
és al 
 3 o los herá es 

es

 1es alados, eses 
abundense y el 
  es
 63005 
 2000 es 
es 29es 
es es
es es 
es es
es es 
es 
es
 es de su es 
es es es es es es es en es es,  es es
es en  es eses es es. es (no es . Esas es el en , que es es es es es es 
 es 4 es es es 3 es es es de es es 

 es

es es es es es . A y es 
es 
es es 
, 20eses es, es 17, es. las ; es  es e 5 es ; es es en  es . es es 
 icos
 8837 o 
  es a 
  es  es 
 6 es 

 40  es
2000 es 
abes 2000 es 
es 0000

 2 4 que los de las 1 2es.1 de las, que 

 Las, el 3es 
. 

2 

 2 4 en la . las, donde que 2 946 2 su es , y se . 2 10032 . Sees . 80 que 10 
7. 
, 25 y a su . 2. 

1 de los . Es
  o 4. 500100 de 
por  en 600 .  y en 
es del 2 3 . 150 .",2025-03-26T23:55:12.619631
qwen:4b,3_at_beggining,50,es,es,True,"; de la se

el
s
`` al de (com
s
3 de lasomb",2025-03-26T23:55:48.501927
qwen:4b,3_at_beggining,100,es,zh,False,"计算机。
它们，尽管。",2025-03-26T23:56:34.665823
qwen:4b,3_at_beggining,0,es,es,True,"en su (sola de las.las men, a}, o su se a s de sí de los

en las un de una, o de las quees o como s de una, por las de en el de las o que o su o y de las del su o de las, conos, las y su de las o de este o de, las o o, es una o su o en o y a los o sus o their o cón o, o de o de la o, los o o o y o o los o. The o las de theiro o que o o o o o las o de o las o o (los o las o de o o de o o o o bien o de o o o o o. en o con o o o o las o su el o las o a o  o c o es, o o los o o  o más, o esos o, y o (o de las o (los o su o solo o s o, donde, o la que o, con o o su  con o. o, dentro o sí o o o o o o, también o, su o en o más, o en las o, como theymó p los o es, su a o, o de o.

es o se o o o o. La o, o de loso o más o o o o de las o yos o las o la o , un o, 5 o que de . Theiro o , o, las, o o las o their o las o . o de . o en los o , su o o o  o también o los p o s o o que o de o o de o, s o o o los o o o su o o o o o . o o, o o o o o o o o o o o o las o o o a tr o o es o o o o o o o su o o o o o o que o o o de o o o o o, o o con o o que o  o o o.

es . o o en o de o a, de o esoma o o o a la o, se o o, loso o o de una o form las o que o o o o o o o en, su o , o o de o o , una o s o 5o, su o o p a o o su o,  o  o 6, 0 o de  o o de o de  o  o , 4 o de  o  o  o que o 5 o o es o  o o de  de o  o  o o  en s de o  como o bien o o de o o la o  o de o o 30 o  o  o 5 p o  o  o  o  o a la o los o o, los o  a  o  o o de en  o  se las  o  y  o de  o su más, o o o.  de se o  que.  y o  o  o, de las o ibr o  o s o o una o o o . de o de con o la de un o en su o, p a o (por, que por o.

o su constit 5 o de su o c omb  loso de la o la o comp 5o de un  de o de una o de o  o 1 o en 6 o el,  de las o se o de y o y que de 3 o o o o a o  de su o o (oc en o en su o de o de o de o, con su o es o.
o de formo o o la o o o o o a son o o si o o o o, o su o de o  o  o de s e  o al o de que o.  o o f o del o el o de 3 o de f o de a f o o o o y o o o  de o o, o, o, o.  o 5 en una o los o 1 o  o o de la o 4 de de c o o  o de de, 6  o de o  o o que formo o  de o de es por, o de forma de  y 0 o  o  o  o  o  o  o  o 2 o bien, el  o  o 3 con 9 o  o  o  o 5  o  en  o 2  o  o, 0 o (de 2, como 4 yo o en  o 5 o de las que se o  o de ellas. 7 o ı form 1 a yss o en  o de su del 2 o y las o  de las o los 3 o 3 o  o los  o de o, la o  o de las o al o de  o o o) su o  de que o, donde de se con  que 4 es o (por forma o de los o de o  o  por 2 y o en 1. el 3 o de 5 o sí de suo o 1 de un s o  con  theiros en  y de los del.

en que 1 o 5 o, como  de  de 6, la), por  de  o 1 de  de o 5 de 4 o que es o  o 12  de que 3 o más 7 y  o 2 en de  a 8 o 5 o 9  o 5 3 de  o.
en las o 5o 2 o 5  y o o 3 y que de sí de  o, el o que es o que de 1 o)

s al mismo).

es o o 2o o. 2, o 40 o.

en las o.",2025-03-26T23:59:00.645725
qwen:4b,3_at_beggining,50,es,es,True,"de su el en (o las, el, y con
las. A. A) al. de un 
que.
A de 
el
de
en el 

al 
es 
en 
A más a los 
ay

un (a por del; icos, en 
por su 
s. Apar
ad es de a los de a las, a
las de los es que el. en este y, basales, en; sus de a, en su, que, que.
aciones v.",2025-03-26T23:59:35.906330
qwen:4b,3_at_beggining,100,es,zh,False,"中华人民的。在《1《以另三从3120。
 从A
中国。 A.三。A。A

A. A但以
A，

 A A",2025-03-27T00:01:19.818647
qwen:4b,3_at_beggining,0,es,es,True,¿,2025-03-27T00:01:41.251159
qwen:4b,3_at_beggining,50,es,es,True,El contexto contiene 20 textos. La idea principal de cada texto varía dependiendo del contenido y de las intenciones de los autores.,2025-03-27T00:01:54.373095
qwen:4b,3_at_beggining,100,es,zh,False,9。,2025-03-27T00:02:52.729599
qwen:4b,3_at_beggining,0,es,es,True,"delar de
á, las del

es y su 20  
de un
de al (escri 
al (quasen
The ala
que
a
, que ́
es 
e de una, ̘
esthe, de la de 1, ico
es de se y en el 
por 1 2. 2, 5 de 
de las de 2018 al
escriuda, 29 del que 7 de 2 de ese 00 20 de es su 3 1 de la autó 9 de 2 de 2 de, 1 del 2 de  de 200 et al 2 de la en 201, 2, en su 2 hasta a 
de 28 de que 6, que se de 23 de al más en 2018 de
en 3 2, que a 4 1, 2, el , y se, en el en , el , 2 2, 202 1 .",2025-03-27T00:03:55.882369
qwen:4b,3_at_beggining,50,es,zh,False,"80 9月
 1
19 。
 仅200300年
 20年
 1964 会
20
80 9 8 
5 64 0 9 9 10
6
19

704

8 9
2
 8
 由 8
 8 7 8 49  8 8 9 46 8 5 9。 80 以及 9 8 专业。 8 9
得69 9

4 901
25 7 
 。
（

 20 6 2 5 3
7 8 2

[ 9 8
 1
的 6 3 00 
000 
1 6000 0
3 4 。
0 9 。
5 8 3 30 0 5 由 5 7 9 9 3 2 10 9 9 9 1 5
6 10 8 6 4 60 8 6 3 99 8 80 99 9 9 9 9 9 9 9 8 9 9月 9 8

 8 9 
 9 9
6 9 
9 9 9 9 9 9 5 9 9 9 9 与 5 9 3 9 9 6 9 9 9 9 1 9 7 9 9 3 6 9 9. 9 。
6 位。 9 9. 8
6 0 9 6 8 7 9 6 4 5 6 9 8 6 6 6 6 9 9 6 6 2 9 9  9 1
 9 9 3 10 1 9 10 1 10 10 1 10 10 10 1 10 1 1 1 1 1 2 1 1 1 1 2 1 1 1 12 1 6 10 1 1 1 10
 1 10 1.10 10 1 10 10 1 10 10 10 1 1 1 1 1 10 1 2 1 1 1 7 1 6 14 1 1 6 1 1 1 1 1 1 1 1
300 1 1
 1 9 1 1 9 1
0 10
0 1 1 5
 8 7 2 1 0
 1 1
 6 6
 4 6  与 1 6
   硐 10",2025-03-27T00:05:39.951526
qwen:4b,3_at_beggining,100,es,zh,False,20，而受到。在非12。,2025-03-27T00:06:42.923024
qwen:4b,3_at_beggining,0,es,es,True,"esque almas

en México, alos

es del mismo, sucria, donde se 1. 15

Theur o de 6. Auy. E, el 6
es. Se, 2, en 43, donde y que y, lo más, este, el, de los uest ico; e, de la 6 y 1. 0 3 7 (o 3, o la",2025-03-27T00:07:16.363691
qwen:4b,3_at_beggining,50,es,zh,False,，其中,2025-03-27T00:07:52.285026
qwen:4b,3_at_beggining,100,es,zh,False,"和

国家名称：国家名",2025-03-27T00:08:09.850725
qwen:4b,3_at_beggining,0,es,es,True,"Hay un total de 19 textos en el contexto.

La idea principal de cada texto se encuentra al final del texto. 

Por ejemplo, el primer texto se encuentra al principio del texto y su idea principal se encuentra al final del texto.

De manera similar, la idea principal de cada uno de los otros 18 textos se encuentra al final del texto.

Por ejemplo, el segundo texto se encuentra al principio del texto y su idea principal se encuentra al final del texto.

De manera similar, la idea principal de cada uno de los otros 17 textos se encuentra al final del texto.

Por ejemplo, el tercer texto se encuentra al principio del texto y su idea principal se encuentra al final del texto.

De manera similar, la idea principal de cada uno de los otros 16 textos se encuentra al final del texto.

Por ejemplo, el cuarto texto se encuentra al principio del texto y su idea principal se encuentra al final del texto.

De manera similar, la idea principal de cada uno de los otros 15 textos se encuentra al final del texto.

Por ejemplo, el quinto texto se encuentra al principio del texto y su idea principal se encuentra al final del texto.

De manera similar, la idea principal de cada uno of the other 14 textos se encuentra al final del texto.

Por ejemplo, el sexto texto se encuentra al principio del texto y su idea principal se encuentra al final del texto.",2025-03-27T00:08:35.778682
qwen:4b,3_at_beggining,50,es,es,True,"se, y a
y
o
nuevo, elidades. (b (alb. Se
as
en
es de

a
las
en 
en
(
elit en
no, se
en
en,es

versa (es 
el
de
en lasse y el",2025-03-27T00:10:04.856704
qwen:4b,3_at_beggining,100,es,zh,False,"》 离从图片 。
中国。",2025-03-27T00:11:32.717380
qwen:4b,4_at_end,0,es,es,True,"nada ular al) y que la, el de otra ropa la.
Alé.
Ala} al a al a los cual sueldu a la
As los al al al al  al su a, pero Aluc al. alos es laer la más que una del al a",2025-03-27T00:12:00.437505
qwen:4b,4_at_end,50,es,es,True,"el
中国",2025-03-27T00:13:28.227266
qwen:4b,4_at_end,100,es,zh,False,"El contexto proporcionado tiene dos textos:

1. Context: <Context>物體在力的作用下會沿着力的方向發生形變，而當外力消失后，物體又会回到原来的形状。所以力作用于物体后会产生形变，这种形变叫做力的作用效果。而当外力消失后，物体会恢复到原来的状态，这种状态叫做力的作用结果。所以力的作用效果和力的作用结果是一致的。而当我们改变力的方向时，力的作用效果也会发生改变，这主要是因为力是一个矢量，它既有大小又有方向，因此当我们改变力的方向时，力的作用效果也会发生改变。",2025-03-27T00:13:47.327189
qwen:4b,4_at_end,0,es,es,True,"Arag Aman Afg A. Se 6, Síntér A, y su A A más 965

A Austrat o A A lasuf A A A A A A, A A, es A A A A. A la A A A A, A A A , A A A 
A en A A A A A r Austr a A más A A y A,  A r A a A A, A A A . A A A A , A A A A A A A A A A A, A A A A A A A A A A A A A A A A y a A A A , A A A S A A A A su A A A A su A A, A A, la A A que el A, A  A en A la A A A A A A A A A A A A A A A A A A A A A A A A a A A de A A A A A y A A A A A A y A y a A A A A A A S A A su A A a A A A, A A, A A A 4 A A A A A A A A A A A es A y A A A A es A, su A A como A en A A A A másosima 
A y A al A es a A",2025-03-27T00:14:43.496848
qwen:4b,4_at_end,50,es,es,True,"Esque a
</
<párgüeme las plantas del
an
</purose los
anarquí
</pálas
</puntos. 
</puesta. 
Aráculos de 
</p (o la superficie.</puro sucre
Alcalia.
</
</p
</pá",2025-03-27T00:15:10.221570
qwen:4b,4_at_end,100,es,zh,False,"（），但是。
2。",2025-03-27T00:16:23.743461
qwen:4b,4_at_end,0,es,en,False,"a de 9089-arte, por 9090809090909090
 900000
00020000000000000000001000000020000000000000000000000000000902000000000200000000000000000000000000001000002890000000000000000000000000000000",2025-03-27T00:16:57.016771
qwen:4b,4_at_end,50,es,es,True,"dise su 
las de y su",2025-03-27T00:17:35.195803
qwen:4b,4_at_end,100,es,zh,False,進行類。可以。,2025-03-27T00:18:17.908784
qwen:4b,4_at_end,0,es,es,True,"</es
de los su 
Las 
</p
</p
</p
</p
</p
</p
</
</p
</p
</p
</p
</p
</p
</p
</p
</p</p
</p 2990
</p
</p
</p<",2025-03-27T00:18:41.097914
qwen:4b,4_at_end,50,es,es,True,"és
de más 
es de una y al 
y más, se o, cuando 
y 2 o y su 
y 2. 
que 36 
G y 
5 
y 
si 
en un
de los 
y 
s 
. es 
en 
s de
de 
g 
y
é 2 4 en el  o 2 en 3, la 3 y una (una 40 
es 3, 43 y los de 
n 
a (un 36 y a e igual y 1 en 2 82.
de 1 y su hayo (o 5 es en 12 sin, o 99 y 67 de la 24 años. el mismo de este tiempo. 0 y 2 y 35 los, correspondi y los al 3 en 5 dually en 400, 4/1, este 1 9 2, 8 2 o 2, 56, también 2, 2, 4o, 7 es laicos de más. (o; que y el, el de 1, sí (y 3 de 48, sin, donde dela 8, 4 y 2, 28 , y que (ab, una 9 del, un año de 5, en 464,0 en 1 de 4, su 29 en 9, 5 7 a la, de 2 y, 30 a 2 de
de 
del 2, 8 ( 2, el tiempo, el 20 2, y 1 o 4, 2 del año 6 (8 30 9° entre 6 9 y su 2, 12 (d 9 y a
y 18, 2, el 9, los que es de la en el que 
7 de una. A (2 a y  de 6 a veces más 8 a 1, es de 5 de otros del 5 de 2 se de 12 más de un 34 a que, este 6, 9
6 y 
que 4. 80 de 20- 10 4, 3 a 6 y el 4 y 4, 7 el 10 en,  el 7, la 83, el dela 8 , 1 y 5, que 1 1 yano (o (de las más basa, 4 
2
, 2, 4, es, 6, es de 7 ropa, es o de 
en  en 
es que es que 4, 6, un a
  a 4 a partir del 3 4 3  a 4 50, a 4 en el 1.
  y 5 3 6 1 1 y 6 para y 2 12 de la de 1 que a 6 2, 2. el 2 en la que. 1 3 o que 8 6 de 7

es 3, 10  de 3 1 4 2 es 3 3 2  2 2 de que 1 5 y 3 2, 5 de la 2, por el 4 2 del  y 3 8 o 2

de la  a que 2 3 4 20, 2 2 3, 3 2 como 2  que 2 (del 2 2 que 2 de 2. 1 2 2 del 2 y de la 3 2 o 6 2 2 8  de 2, a 1 2 2 2 1 2, 2 y 2 y 2 3 de 2 2 2, que 5 (en 2 como se 2. del que se 1. el de la que 2,  que 1 2 2 como 2 como 2

es 2 de 2 como 2 del 1 del 
 2 1 2. El, 

por 2 de las y 4 que 2 de 3

de 7 3 y 2 2 , el 3 (o la una de 2 a . 1 . Al que 1 a 2 al 1 o del 2 en las o del su 2 y 2 del 2. 6 y de 4, en la 
s e y 7, o o el

del. de un de 3 (este 2, que de  que de 2.

de la, las de la de 2 como 2. 2, a.

1, el 1.
por en 2",2025-03-27T00:21:13.443905
qwen:4b,4_at_end,100,es,zh,False,（)等。 A．,2025-03-27T00:22:24.658905
qwen:4b,4_at_end,0,es,es,True,"<Á
Año b
Enferm永 (año
<pagos a
Año a
<año b

año a
a
a",2025-03-27T00:22:46.103326
qwen:4b,4_at_end,50,es,en,False,".
de
enaves 
D",2025-03-27T00:24:06.305064
qwen:4b,4_at_end,100,es,zh,False,"除了他，并在数学（即：和
对
三，例如",2025-03-27T00:25:27.639521
qwen:4b,4_at_end,0,es,es,True,"o 
Clásados",2025-03-27T00:25:54.876761
qwen:4b,4_at_end,50,es,es,True,"la se utilizando del que se de, b (sua The 
que s
se y su se",2025-03-27T00:26:34.242780
qwen:4b,4_at_end,100,es,es,True,"En este contexto, hay un solo texto. La idea principal del texto es describir el lugar llamado海上田园 en Shenzhen, Guangdong China.",2025-03-27T00:26:37.350478
qwen:4b,4_at_end,0,es,en,False,.,2025-03-27T00:27:17.856783
qwen:4b,4_at_end,50,es,es,True,"En el contexto se encuentran 1 texto.

La idea principal de cada texto es:

- Texto 1: La importancia del aprendizaje automático en la industria moderna.
- Texto 2: El significado de los valores de una sociedad.
- Texto 3: El papel vital de las instituciones y政府部门 en el desarrollo económico de un país.",2025-03-27T00:27:27.927040
qwen:4b,4_at_end,100,es,zh,False,"的。
它，它外。例如
可以被
19（12
2。
 以",2025-03-27T00:28:25.253196
qwen:4b,4_at_end,0,es,es,True," 6000 e
s 
es de es  
2000

  a 
 40 0n 00  
 00000 
4 003000 es
 00000000 0000000000 0000
, 0000 00",2025-03-27T00:28:59.649569
qwen:4b,4_at_end,50,es,en,False,A.,2025-03-27T00:29:17.567917
qwen:4b,4_at_end,100,es,zh,False,"。
。",2025-03-27T00:29:58.711641
qwen:4b,4_at_end,0,es,es,True,"y más del su; de los, donde y las del que se del suá, su y su del s y su las el

es del sur de donde.

en sus y la y sus del 
por su y del en las y es por el y las y est del suíndir dels y el res e del tría yeste y alde y el al y su, el y en su y de las más y por el. 
y y de su (es del más del su de la del her.
eluyer y la más de y 
el y el de su 
en el y el de este y el y el que 
en
h 

por y donde al y el 
su, por el suyes del su

en super sus 
y su, las super y al su (la y en su y super por los del 
super 
y es por al n los por el, a donde, y el y el, pero el y la más.
la,
es de sus 
por 
del 
, 
al 
el 
de 
al 
es 

la 
la 
y que
este por 
el
a en la 
, el 
el 
en este es donde los de las al de 
es es del
asir 
es del que que

al 
es y el 
y a.
el 
es el 
por 
es por los 
, alde, por sus
que de  y el en el.

y es 
la,
el 
su 
y 
, el.

Al su 
and 
, como, el, como el y, el",2025-03-27T00:31:04.854769
qwen:4b,4_at_end,50,es,zh,False,"D, con，被.",2025-03-27T00:32:05.440744
qwen:4b,4_at_end,100,es,zh,False,"例如。
西方。",2025-03-27T00:33:28.748988
qwen:4b,4_at_end,0,es,es,True," 
 16 se
 4, y que la, generalmente, se s
A
or se quíadas de la se
es un número de su

con los, o de sus 538305, 3 o
. 4 4
o a veces
o 4
5",2025-03-27T00:33:56.978997
qwen:4b,4_at_end,50,es,zh,False,00，0，00，与，4,2025-03-27T00:35:07.669776
qwen:4b,4_at_end,100,es,zh,False,"“。例如，（

所以它这样。",2025-03-27T00:36:32.242230
qwen:4b,5_constraint,0,es,es,True,"El contexto contiene un solo texto: ""Aeluropus"" (en inglés) y su traducción al español es ""Grass of the Euro-Med Treatment"". El texto proporciona una descripción general del género Aeluropus, incluyendo información sobre sus características botánicas, su distribución geográfica y su uso en la medicina euro-méd.",2025-03-27T00:36:50.197175
qwen:4b,5_constraint,50,es,es,True,"Elabor
El",2025-03-27T00:37:21.495176
qwen:4b,5_constraint,100,es,zh,False,。 (），（例如为，如，可,2025-03-27T00:38:31.750868
qwen:4b,5_constraint,0,es,es,True,"estos del su los. es de y las de su como los de la, de las su o sones o se, su

es, 663, en los",2025-03-27T00:39:11.574950
qwen:4b,5_constraint,50,es,zh,False,多,2025-03-27T00:39:59.107262
qwen:4b,5_constraint,100,es,zh,False,"而

论文

本文。

23《文章",2025-03-27T00:41:25.187655
qwen:4b,5_constraint,0,es,es,True,"es que
 2
 1.0",2025-03-27T00:41:50.004095
qwen:4b,5_constraint,50,es,en,False,</Context<https://,2025-03-27T00:42:07.785888
qwen:4b,5_constraint,100,es,zh,False,教育。,2025-03-27T00:43:01.670605
qwen:4b,5_constraint,0,es,es,True,", loqueja, el, que el su
su.
del

de la suab

del compresi y su del este. elabona y las,
es de ese su delas

de

de su de su

que se es,
s de su 
alá a su.

la más.
la,
es de su

, con suscrib a d
nuest al su de ese mismo del su

sí de ese de esta y su
s. 

que. ́ a las del s de los

, con la que

y de los de su de los y el an
(primas",2025-03-27T00:43:56.868097
qwen:4b,5_constraint,50,es,es,True,"las que más, las de una y en las las
es.",2025-03-27T00:44:23.587654
qwen:4b,5_constraint,100,es,zh,False,10：)：A：(）。,2025-03-27T00:45:42.331245
qwen:4b,5_constraint,0,es,es,True,"al o alde y del uso de las (en los de su 
constante a por su y (y de (2 que (la  de los que de 4 de  y al  en de 3 de en 88 y 4, 2 de  de 2 de 2 4 de 9, 4 de una",2025-03-27T00:46:27.489555
qwen:4b,5_constraint,50,es,es,True,El contexto del usuario contiene un total de cinco textos. Cada texto tiene una idea principal relacionada con un tema específico o related to una comunidad específica o relacionada con una cultura específica o relacionada con una religión específica o relacionada con una filosofía específica o relacionada con una política específica o relacionada con una economía específica o relacionada con una sociedad específica o relacionada con una cultura especific,2025-03-27T00:46:43.671084
qwen:4b,5_constraint,100,es,zh,False,技术。,2025-03-27T00:47:27.707001
qwen:4b,5_constraint,0,es,es,True,", más de sus se o por una s de los su como. Theirmín (en su de s de su el de s de de
es alas de las a s de de de a los de el de las de es a de un a la su de en de s de, la, su de  as mía y m o en el más m o del m o su. Se es de s o su m o, es el de m de o se m o de s o o al o o s y, a su o o el o de o el o",2025-03-27T00:48:25.598932
qwen:4b,5_constraint,50,es,es,True,la,2025-03-27T00:49:24.637417
qwen:4b,5_constraint,100,es,zh,False,国，其人209。,2025-03-27T00:49:48.702153
qwen:4b,5_constraint,0,es,es,True," 0.50000, their 2 y 0 ojaloc 000 a
 0 o c.
S
 1000
o 0 0000
o 0 0 y 0 0
es 0 0 en este.

 0 más
las 0 0 0 5 000 0 o (la se 
 3000200000

.",2025-03-27T00:50:22.886556
qwen:4b,5_constraint,50,es,es,True,"en donde más,
andes, y delimitas

c)
p (cerrón andocin A, yasa

yur 
es 
es (arrowsan,

Por

The, así delibid
(The) y

de la
en losiricrudone
en el delo

constante

el

es",2025-03-27T00:52:10.073264
qwen:4b,5_constraint,100,es,zh,False,2。,2025-03-27T00:53:44.044744
qwen:4b,5_constraint,0,es,es,True,Hay un total de 0 textos,2025-03-27T00:54:03.539479
qwen:4b,5_constraint,50,es,es,True,"</

</es<",2025-03-27T00:54:23.798696
qwen:4b,5_constraint,100,es,zh,False,"：1058
</
</
为",2025-03-27T00:54:44.290634
qwen:4b,5_constraint,0,es,es,True,"U
 6424 que

 y

A, pero en el 
Arqu 16 su
El

y por el
 5 y si. 
Muy
el.
El 600 a
el 
Almenus de 
el 

Del
Al
The 6u

en el
que 
es
Asignos
de los com
a en sistema de 64 oso de 1
ar 1 de la es (p 3, no , yos
El
alos en su. de

En , al 
por las operativamente.
El mismo que una 5 y se, el sistema 
as , pero 64 , el mismo como una y 
que

Am por as 
Alto personalmente de un 
al cual los por a los es , si

Ar los
. Solids
sua 
entribuo 5 al que al 
lososist la 

Theá
universo
de su
alos en ese es una (en el
los
es y unobis como que que de unas de una más de
o unose . Los .) o programas . los en el mismo como de
This
en que al por los por 
que por
al 
Al
o

por 
Por su o
    y
al
alib 
que",2025-03-27T00:55:35.657899
qwen:4b,5_constraint,50,es,en,False,2}.,2025-03-27T00:56:10.519845
qwen:4b,5_constraint,100,es,zh,False,)。,2025-03-27T00:57:26.571573
qwen:4b,5_constraint,0,es,es,True,"t al de laústro, que las
en el su al do
al
e ala. al de al, do al
laso a los al
aní  y o
 al 
al y en el 
 al
an al són delos al
al y al

al 
al o 
por sus
al 
n o
en el 
  el quey 
 al 
la.

al si de las a o las y 
  queo.
alos, o 1a ollato
, o
, o 4 en 
us o
e 3 do las odo los y en o en  odo y en la y a 1 pana y al 
las y a ursa de 
de  yout

en

alos y el de A
al to (de el
estru a y,  (en elo o. al que o
en el  las este o
las ube el  en el
es,  loso es o

al o dotho al 
por odo es ropa y do.",2025-03-27T00:58:31.725227
qwen:4b,5_constraint,50,es,zh,False,"poras

或in China

或 ChinaChina.",2025-03-27T01:00:07.557229
qwen:4b,5_constraint,100,es,zh,False,"在所有，以著
例如。",2025-03-27T01:01:04.028834
qwen:4b,6_the_example,0,es,es,True,"</span de su estado
, el
</milla 
</comune y a la mundo de Almeres. A 
</por
</norte

</nue 
</milla del
</nufu
</nue
</
</
</
</s
</a",2025-03-27T01:01:41.049549
qwen:4b,6_the_example,50,es,es,True,"</
 
<es
 35000. 
S.
Se
es

.
729

es
, es
9
< 
10
.
es 
Por
486 

 000
 0
...
 0
...
es 
0 (M
es
.000000000000000000 0000000000000000000000000000000",2025-03-27T01:02:15.547264
qwen:4b,6_the_example,100,es,zh,False,"根据
中国台湾。以
再。
所以为以下
原
国家
国家.",2025-03-27T01:03:43.041440
qwen:4b,6_the_example,0,es,es,True,"aline
o de
a",2025-03-27T01:04:12.496264
qwen:4b,6_the_example,50,es,es,True,El contexto proporcionado no se puede determinar cuantos textos hay en el contexto.,2025-03-27T01:04:30.050851
qwen:4b,6_the_example,100,es,zh,False,中国。201,2025-03-27T01:06:02.381922
qwen:4b,6_the_example,0,es,es,True,"Al al
de
por los alas 
es, al suces
...
las y sus, que se, a
 Al  al
clones es un al
Alos las alidocus como que lo parebien la
Clayos es al enus el.
Alas o de las",2025-03-27T01:06:39.334114
qwen:4b,6_the_example,50,es,es,True,"es por 
las, es el. 40
en el y (2}\ 5, la y más.
A 40 o al 15 y

en las de
es
la.

al
y a y a

 3 y

, las y 0 4 y al
o y al

Thea  y y icos 6), 9, en 4 10 4 4 2 de 4 0 (en el o",2025-03-27T01:07:32.214509
qwen:4b,6_the_example,100,es,zh,False,。,2025-03-27T01:08:49.407518
qwen:4b,6_the_example,0,es,es,True,"por
. y al 
por  por 6 de  de la y 7

la como y de la 6 urs 
p o deliz 6 como si bas  y al 2.
 su 
por su 
en el 4 de 

y un
alos con la su 20 en los

.",2025-03-27T01:09:42.428621
qwen:4b,6_the_example,50,es,es,True,"cerras. 

d (en.

que es
o más.

es 
págida. A

lan}, y , que. 

de loja. 

la

las.
porquino (c)",2025-03-27T01:11:08.337890
qwen:4b,6_the_example,100,es,zh,False,"西
公元
      玻
南北
北
29 三国 26
公元
3 2 24 九 9
      2 2 9 9 2 29 9  2 24 2 2 2 。
3 2 与 2 30
西
 2
六 34 6 5
6
6 3 6 6 6 7   6 6 6 6 4 93 6 6 6 9 6 6 6
北 6 6 6 6年

北 6 6 6 6 6 6 6 6 6 6 6 6 5 6 6 6 6 6 6 6 6 6  6 6 6 9
6 6 4 6 6 6 6 3 6 6 6 6 6 6 6 6 6 6 6 5 6 6 6 6 6 7 6 8 6 9 。
7 9 9 9 4 4 9 7 4 3 9 6 8 2 4 4 4 4 4 4 6 4 4 9 4 4 4 4 6 4 4 4 4 5 4 4 4 4 4 4 7 4 4 5 4 3 4 4 6 4 4 3 4 1 4 4 2 4 4 4 4 3 4 4 4 4 5 1 4 4 4 4 5 4 4 5 4 4 7 5 4 6 6 5 6 6 6 6 6 6  四 6 6 6  6 6 6 8 9 6 6 6 5 5  9 5 4 5 1 5 9 5 5 4 8 5 6 6 7 5 5 5 6 5 5 6 5 5 5  意 5 6 7

北

2
上 陈 他的
5 5 他 5 6 5 6 末 。
3 5 6 5 4 9 5 。
北
 本 
北
 。
北 
北 5
6 
北 五 
6 
4 
北 8

 5 
。
北 6 6 他的
9 7 东 他的
上 。

 于 。
1",2025-03-27T01:12:55.283903
qwen:4b,6_the_example,0,es,es,True,"En el contexto proporcionado, hay un total de uno texto.

La idea principal de este texto es la descripción de una especie del género Amphipogon aceptada hasta noviembre de 2013, ordenadas alfabéticamente.",2025-03-27T01:13:10.446021
qwen:4b,6_the_example,50,es,es,True,"¡-54. 

EPA: (Mega.

Con.",2025-03-27T01:14:20.895511
qwen:4b,6_the_example,100,es,zh,False,"之后出现此为中华人民同被签订国被本在。之后《。

该国家双方在。经同。《。其被

在和。

成为
为了被中国变。国家
根据

《中国。",2025-03-27T01:15:49.099503
qwen:4b,6_the_example,0,es,es,True,"(9
¿
D...
``` 
``` 
```  
``` a
  </
``` 3.0
</
``` 
20000
``` 
</
>
``",2025-03-27T01:16:18.389850
qwen:4b,6_the_example,50,es,es,True,"es el que que alá y al de cl a, aline al",2025-03-27T01:16:49.092132
qwen:4b,6_the_example,100,es,zh,False,。,2025-03-27T01:17:49.519576
qwen:4b,6_the_example,0,es,es,True,"la y en el, o en que más que se las en las y, ury, con su que como en, de igual a en un 
en su en las en suso que y de 
y se, y otras 

de los en este en la, ya 
en una 
o 
es el cual en el yá en este en su en el que y de que a en y de que por",2025-03-27T01:18:31.813521
qwen:4b,6_the_example,50,es,zh,False,，,2025-03-27T01:19:08.641549
qwen:4b,6_the_example,100,es,zh,False,"   。
   筯",2025-03-27T01:19:56.860200
qwen:4b,6_the_example,0,es,es,True,"es de la de los, se lasodar.
las la que se de la. que se de las.

Asesas que una (fáns de las que la As theira de un de las Theyra a (c o más de Theya de la; de la, que las de una.
elos de en el de, una.",2025-03-27T01:20:42.774097
qwen:4b,6_the_example,50,es,es,True,"es. Es 
es 

Es",2025-03-27T01:21:02.659395
qwen:4b,6_the_example,100,es,zh,False,。,2025-03-27T01:22:24.975338
qwen:4b,6_the_example,0,es,es,True,", o
 1860s<, c <span 6 de <a< 2< 20< 
...
>
 0920<20420<...
 6<...
 620 de 0
...
 40  
 5
 23000, 00
, 20 010000000000000000000000000000000",2025-03-27T01:23:01.200913
qwen:4b,6_the_example,50,es,zh,False,（),2025-03-27T01:24:28.775734
qwen:4b,6_the_example,100,es,zh,False,"1

A

被《。 跟在同。",2025-03-27T01:25:50.296463
qwen:4b,6_the_example,0,es,es,True,"alérgicíntima que hayécut 
>
Clay
alérg
Clásica, por clon
en
</la
al
  y al
clas
</a
la clínias
a la 
Alta",2025-03-27T01:26:17.978235
qwen:4b,6_the_example,50,es,en,False,．,2025-03-27T01:27:41.179877
qwen:4b,6_the_example,100,es,zh,False,"2007609，0。它的
1。",2025-03-27T01:28:08.166737
qwen:4b,7_appended_directive,0,es,es,True,"-3, y (a) o a
 Arque
o o
o 
</
Arqu
o o
o 
o
o
o 
o al
, Arquicu o que es
o
.
</a o a
o
o",2025-03-27T01:28:33.924489
qwen:4b,7_appended_directive,50,es,en,False,"And 
也， que",2025-03-27T01:29:30.870067
qwen:4b,7_appended_directive,100,es,zh,False,"但因2彼和再和以之

再和

2又
在和

和和。 。

或，再。",2025-03-27T01:30:55.954141
qwen:4b,7_appended_directive,0,es,es,True,"de, pero de manera de la su.
o. de la de los o los y a que se en una, pero de las,
la más, a",2025-03-27T01:31:31.490266
qwen:4b,7_appended_directive,50,es,es,True,"la del mismo hay n = lasnue que su en sus veces que por el cual}. En que sea del servicio (las de sus que del mismo, aunque la más.

24 el conocima de quía de más que su el espacio de su",2025-03-27T01:32:39.987095
qwen:4b,7_appended_directive,100,es,zh,False,在水。,2025-03-27T01:33:02.822509
qwen:4b,7_appended_directive,0,es,es,True,"as que
el o de e igual y su
, donde con la su 
que se
p 0 que y se
las
si sol
la y sus 
 1solo que el a la
del
de una de su, por 
en  de 
de

Muy

, si 6432

Arts. Se发展方向 que 
, que

Am 9 de programas de Se 850 en 4 se 64 8 6 8 14 se 40 3, 1 y
en 2 a la so 6 de 3 6 de 6 a 6 los 4 para 6, pero 6 de los 6 a) que

 el 5 su
6 por 6 5 6 su 8más 6 6, por 6 de los 8 por 6 por 6 o sus 2o de manera que más la 3 y se 14 3 sol de la 6 de las sub 6 para al 3, el
6

se 
en este 6
los en una 6 de 8 un

es
que no 6 de 

Ellos o bien 5u o, pero de amos
ar los ropa 
al
que su de los de como la que se por personal (este de s y de
sol
á como, que el de un sistema de 
s y 
. The que solu (o y al un al

LaOS
as que los más (el que 
por as por las por
y por al mismo o los 

Alos para el
alos personal 
y de los
as
el

 su al
de su
pro en el que
por 
la y el que
que es que

s yor
en que
o que

con susu que, al igual con

O
s de un o en 
o por 420

al que también
Al 
y 1
  que el 
Al

al
.
En la 6 al mismo que: 
por 7 es
es personal al 
de su

Al 
en 
 para 
Programa del
se de los,
por 
que el 
que de 

Por
de 
 de : por

la o por en el de 
, donde 

o que de 
 por este por esta 
 el 
 la 
 como por",2025-03-27T01:34:04.363251
qwen:4b,7_appended_directive,50,es,es,True,"suas, su; 
en este.

## por que. yuguals por más su 
y, aunque se.

de los de los de, formas y susá por el mismo, como. 

Y es más del yuc y suene es y su, donde y el que se que.

 igo y la",2025-03-27T01:34:39.640028
qwen:4b,7_appended_directive,100,es,zh,False,》，其，即，它。,2025-03-27T01:35:45.741883
qwen:4b,7_appended_directive,0,es,es,True,"Hay un total de 1 texto.

La idea principal de cada texto es:

[Nombre del texto]
[Descripción del texto]",2025-03-27T01:36:04.069577
qwen:4b,7_appended_directive,50,es,zh,False,"中.
20。

33。",2025-03-27T01:37:35.216903
qwen:4b,7_appended_directive,100,es,zh,False,300。,2025-03-27T01:38:35.722980
qwen:4b,7_appended_directive,0,es,es,True,"en y de más, y, por 1986, al y de en 5 y por 3 y 6 y 1 y 8 que se. el 7 y en 50 a que por el en el que 8 y en el que en.

el 4 dela que el (un. 1.
El este, aunque, ya mismo que, por en esta. el que que es que en  y de los del que como ese se, pero al.",2025-03-27T01:39:25.613645
qwen:4b,7_appended_directive,50,es,zh,False,你的问题没有提供足够的上下文信息，这使得回答变得困难。如果你能提供更多上下文的信息，我将很乐意帮助你。,2025-03-27T01:39:43.391937
qwen:4b,7_appended_directive,100,es,zh,False,"（18
```可以，但
的使用
它
```和（以",2025-03-27T01:40:19.904729
qwen:4b,7_appended_directive,0,es,es,True,"n
de su y de este que de una de 
de  (la de la de 
 860537284 de las de, con la de a de 0 de la 
de la de 1 de esta de la  de

 su  de 
 (o de

 de la de su o
de la de la de una de  de los de

 de unión y
 Sanque de un al 
at
</la",2025-03-27T01:40:47.534745
qwen:4b,7_appended_directive,50,es,es,True,"<p>es
</p>
<div>
</div>
</p>es.

</p>es

</p>es.</
</p>es.

</p>es.
</p>
</p>es
</p>

</p>es
</p>
es
</p-</p>
</p>
<p>es
</p>
<p>es
</p>
<p>es",2025-03-27T01:41:06.904463
qwen:4b,7_appended_directive,100,es,zh,False,"国家，中国，国家与国家和D。
“。",2025-03-27T01:42:05.031998
qwen:4b,7_appended_directive,0,es,es,True,"</Web</

https://
</S
</p>
</p>The species is a 
</p>
</p

Algunas 
</p>
</p>
</p, 
</p, <br>
</p
</p
 0.
< 0.</
</p
<br>
</p",2025-03-27T01:42:28.410374
qwen:4b,7_appended_directive,50,es,es,True,"El  
The In
At

20

at 

21

A",2025-03-27T01:44:02.984750
qwen:4b,7_appended_directive,100,es,zh,False,在以上,2025-03-27T01:45:35.418077
qwen:4b,7_appended_directive,0,es,es,True,"a que 
La
 del
A de 
en
 7a
,os al a
ó ricos
es o, de 6 as como o 1a6,ac 
an como de 5a 8a 4, as de
n a de 6 como 4 y 6 en 6 a
oc de 6 y ela 6, el

que o 
es en 7a de la o, el dela o 

Ara

En es al en o  que yos al 6 a

de as de 6 como 5 de  y 7 queo 
al o 6 como 4 1,0 
 2 de 

O bien icos 3 3 10 
es0 se o de losos de 0 6 1 6a 3 de a 5 en 3 en 
n a 6:

del  en 6 4 6 en la. 4, as en 2 al 6 2 7 en su

 delo que es es el 3 como
  en 2 o como 0 y 3 o al
 de 
 y como 1 iones a
en 6 o 3 
 del 3 en 0 de
, 2a 2 de a 1 de  as 2y 4 0 que

o es 2 en queo 4 (o. 3 de los. 2 al 5 2 3 como  en 6
 2 
 5 o  de  o  del 0. y 6

 del,ar del

 del  como iones.
  (por . 2 2 o 3 deh  o  y 
 1, es de 2
 el,  o en 
,  y
é en el, o de

el. el de un de  del  el de el  en el de la.
 3.

y 1
y  o en en o de la, d 2 como

que
  a 2i como 5 o de un del 4 en el
del 
o  y al de que icos. en 7. de como de  en su 5 en la 3 en que se o 9. 2 del
el 30 2, 1 1 2 o en y en 2  de un  o 2  de los  de es de una
las de en el.
al
 2.

o en. 2 en 6 de H
o de 2 a de

o del
en el de la que. al de 2 de  y  de  de, de 2 a en el 2 de 1 del, 3. el de  de  de un 4 2 o, 3, 2 de los de o de  de 2 de 2 2 2 2. 2 y la en el de  y de 2 de 2 de  y 7 2  de",2025-03-27T01:47:16.932831
qwen:4b,7_appended_directive,50,es,zh,False,"68809640000
25095000
 328 17， 500
-50000000000000000000

0020000000000，即 0000000000000000000000000000000",2025-03-27T01:48:46.390361
qwen:4b,7_appended_directive,100,es,en,False,"2

  
A
2",2025-03-27T01:50:19.866816
qwen:4b,7_appended_directive,0,es,es,True,"el y 
al
es
 1 a 
 198, A

A

Ala y 4 y 5 3 y al que y 2 y
en
á, aunque las
A
es

A las

A

Al 1 y 3 como. el 2 o.
A los al 1 1

al 6 o que 9
): (diferes de A 
alares para  
y 
pue 1
se

de 4

es
o y se, 1
al 
en 12) 1)
s)

la)",2025-03-27T01:51:10.796213
qwen:4b,7_appended_directive,50,es,zh,False,"30
1. 3549。",2025-03-27T01:52:35.211108
qwen:4b,7_appended_directive,100,es,zh,False,"在

可以。",2025-03-27T01:53:57.768550
qwen:4b,7_appended_directive,0,es,es,True,", pero su
en el art
el arte, su
alé o
diferencias o el
o ombre o
o que los
o
e
as
o que
o
las ola
o a
a
o
o
en las
oqu
pue
o
n
o
o en el
o, pero no dud, la, es
o
es
 ova
o
las
laso",2025-03-27T01:54:26.033948
qwen:4b,7_appended_directive,50,es,es,True,"andarima ander, yuá (an
-à

ar.",2025-03-27T01:55:47.517327
qwen:4b,7_appended_directive,100,es,zh,False,"5在国家本中国。本和台湾。2次2该国家3在《

同时该，。中华人民。国家的。",2025-03-27T01:57:21.349847
